{
  "config": {
    "model": "all-MiniLM-L6-v2",
    "corpus_size": 200,
    "n_queries": 50,
    "n_trials": 3,
    "top_k": 5,
    "target_dim": 64,
    "embed_dim": 384
  },
  "baseline": {
    "path": "baseline",
    "n_queries": 50,
    "n_trials": 3,
    "top_k": 5,
    "rtt_ms": {
      "mean": 9.623919333462254,
      "p50": 8.635149999463465,
      "p95": 18.6609499995029,
      "p99": 21.64102300237573,
      "std": 3.2759226590217287
    },
    "server_embed_ms": {
      "mean": 7.4708,
      "p50": 7.44,
      "p95": 8.2755
    },
    "client_embed_ms": {
      "mean": 28.45785333321449,
      "p50": 26.99930000017048,
      "p95": 41.03564500001084
    },
    "total_embedding_calls": 900,
    "mean_embed_calls_per_query": 6.0,
    "mean_wire_bytes": 2447.86
  },
  "prismapi": {
    "path": "prismapi",
    "n_queries": 50,
    "n_trials": 3,
    "top_k": 5,
    "rtt_ms": {
      "mean": 10.503062000182885,
      "p50": 8.398849999139202,
      "p95": 21.56485000086831,
      "p99": 22.397647000580033,
      "std": 4.768395101585586
    },
    "server_embed_ms": {
      "mean": 7.261333333333334,
      "p50": 7.205,
      "p95": 8.202
    },
    "client_embed_ms": {
      "mean": 0.0,
      "p50": 0.0,
      "p95": 0.0,
      "note": "consumer does not re-embed results"
    },
    "total_embedding_calls": 150,
    "mean_embed_calls_per_query": 1.0,
    "mean_wire_bytes": 2145.56,
    "target_dim": 64
  },
  "quality": {
    "mean_jaccard": 0.489,
    "min_jaccard": 0.111,
    "mean_recall_at_k": 0.632,
    "min_recall_at_k": 0.2,
    "mean_recall_at_2k": 0.732,
    "min_recall_at_2k": 0.4
  },
  "concurrent": {
    "baseline": {
      "label": "baseline",
      "n_requests": 50,
      "concurrency": 10,
      "total_elapsed_s": 0.53,
      "throughput_rps": 93.9,
      "mean_latency_ms": 77.0,
      "p50_ms": 42.1,
      "p95_ms": 512.9,
      "p99_ms": 526.4,
      "errors": 0
    },
    "prismapi": {
      "label": "prismapi",
      "n_requests": 50,
      "concurrency": 10,
      "total_elapsed_s": 1.12,
      "throughput_rps": 44.6,
      "mean_latency_ms": 134.6,
      "p50_ms": 65.9,
      "p95_ms": 818.3,
      "p99_ms": 1029.4,
      "errors": 0
    }
  }
}