Type,Name,Request Count,Failure Count,Median Response Time,Average Response Time,Min Response Time,Max Response Time,Average Content Size,Requests/s,Failures/s,50%,66%,75%,80%,90%,95%,98%,99%,99.9%,99.99%,100%
POST,/driver/query,6568,0,100,139.36101467714278,37.77690000424627,1939.9685999960639,74.6278928136419,110.97626263890746,0.0,100,140,200,230,310,350,410,440,1600,1900,1900
,Aggregated,6568,0,100,139.36101467714278,37.77690000424627,1939.9685999960639,74.6278928136419,110.97626263890746,0.0,100,140,200,230,310,350,410,440,1600,1900,1900
