Type,Name,Request Count,Failure Count,Median Response Time,Average Response Time,Min Response Time,Max Response Time,Average Content Size,Requests/s,Failures/s,50%,66%,75%,80%,90%,95%,98%,99%,99.9%,99.99%,100%
POST,/driver/baseline,5302,0,170,200.7868597321695,59.481300006154925,1283.3298000041395,60.42097321765372,89.50953097077011,0.0,170,260,290,310,340,350,400,450,540,1300,1300
,Aggregated,5302,0,170,200.7868597321695,59.481300006154925,1283.3298000041395,60.42097321765372,89.50953097077011,0.0,170,260,290,310,340,350,400,450,540,1300,1300
