Type,Name,Request Count,Failure Count,Median Response Time,Average Response Time,Min Response Time,Max Response Time,Average Content Size,Requests/s,Failures/s,50%,66%,75%,80%,90%,95%,98%,99%,99.9%,99.99%,100%
GET,/metrics,49,0,45,46.99923265196754,42.10180000518449,60.89360000623856,264.0612244897959,0.8210840586693644,0.0,45,47,49,50,55,58,61,61,61,61,61
POST,/query,1298,0,680,701.6300223419992,62.99530000251252,2097.1294000046328,122.81741140215716,21.750349145976223,0.0,680,780,830,910,1000,1200,1400,1600,2100,2100,2100
POST,/query/batch,58,0,1100,1168.7308241387905,734.8275999975158,2018.0083000013838,1243.2758620689656,0.9718954163841456,0.0,1100,1300,1400,1500,1600,1900,2000,2000,2000,2000,2000
,Aggregated,1405,0,690,698.0819353736023,42.10180000518449,2097.1294000046328,173.99715302491103,23.543328621029733,0.0,690,780,850,930,1100,1200,1500,1700,2100,2100,2100
