Type,Name,Request Count,Failure Count,Median Response Time,Average Response Time,Min Response Time,Max Response Time,Average Content Size,Requests/s,Failures/s,50%,66%,75%,80%,90%,95%,98%,99%,99.9%,99.99%,100%
GET,/metrics,484,0,44,46.67138512380284,39.60449999431148,157.14619999926072,264.7830578512397,1.620910546058779,0.0,44,46,48,49,53,59,66,71,160,160,160
POST,/query,14455,0,430,833.2630200898717,58.79799999820534,5330.735299998196,123.28239363542026,48.409632114214155,0.0,430,1200,1500,1700,2000,2300,2600,2900,4200,5100,5300
POST,/query/batch,628,0,750,1176.563626433018,273.07730000757147,5062.1820999949705,1237.0366242038217,2.103164923398581,0.0,760,1600,1900,2100,2400,2800,3100,3600,5100,5100,5100
,Aggregated,15567,0,410,822.6561227724624,39.60449999431148,5330.735299998196,172.61264212757757,52.133707583671516,0.0,410,1100,1500,1700,2000,2300,2700,3000,4200,5100,5300
